[{"pk": 1,
  "model": "timecard.rfidcard",
  "fields": {"active": true,
             "profile": 1,
             "rfid": "4C0020F73B"}},
 {"pk": 2,
  "model": "timecard.rfidcard",
  "fields": {"active": true,
             "profile": 2,
             "rfid": "4C0020F62F"}},
 {"pk": 1,
  "model": "timecard.timecardtype",
  "fields": {"name": "Volunteer",
             "ranking": 6,
             "description": ""}},
 {"pk": 2,
  "model": "timecard.timecardtype",
  "fields": {"name": "Create",
             "ranking": 4,
             "description": ""}},
 {"pk": 3,
  "model": "timecard.timecardtype",
  "fields": {"name": "Intern",
             "ranking": 5,
             "description": ""}},
 {"pk": 4,
  "model": "timecard.timecardtype",
  "fields": {"name": "Staff",
             "ranking": 1,
             "description": ""}},
 {"pk": 5,
  "model": "timecard.timecardtype",
  "fields": {"name": "Faculty",
             "ranking": 2,
             "description": ""}},
 {"pk": 6,
  "model": "timecard.timecardtype",
  "fields": {"name": "Studio Renter",
             "ranking": 3,
             "description": ""}},
 {"pk": 4,
  "model": "timecard.timecard",
  "fields": {"profile": 1,
             "notes": "",
             "timecardtype": 5,
             "end_date": "2012-12-31",
             "start_date": "2012-01-01"}},
 {"pk": 1,
  "model": "timecard.timecard",
  "fields": {"profile": 1,
             "notes": "",
             "timecardtype": 4,
             "end_date": "2013-08-30",
             "start_date": "2012-08-29"}},
 {"pk": 2,
  "model": "timecard.timecard",
  "fields": {"profile": 1,
             "notes": "",
             "timecardtype": 2,
             "end_date": "2013-08-31",
             "start_date": "2012-08-31"}},
 {"pk": 5,
  "model": "timecard.timecard",
  "fields": {"profile": 2,
             "notes": "",
             "timecardtype": 2,
             "end_date": "2013-09-11",
             "start_date": "2012-09-12"}},
 {"pk": 1,
  "model": "timecard.stamp",
  "fields": {"stamp": "2012-08-29T14:07:40",
             "timecard": 1}},
 {"pk": 2,
  "model": "timecard.stamp",
  "fields": {"stamp": "2012-08-29T22:08:07",
             "timecard": 1}},
 {"pk": 3,
  "model": "timecard.stamp",
  "fields": {"stamp": "2012-08-30T08:22:05",
             "timecard": 1}},
 {"pk": 4,
  "model": "timecard.stamp",
  "fields": {"stamp": "2012-08-30T22:22:22",
             "timecard": 1}},
 {"pk": 5,
  "model": "timecard.stamp",
  "fields": {"stamp": "2012-08-30T22:27:37",
             "timecard": 1}},
 {"pk": 6,
  "model": "timecard.stamp",
  "fields": {"stamp": "2012-08-31T23:35:23.798",
             "timecard": 1}},
 {"pk": 7,
  "model": "timecard.stamp",
  "fields": {"stamp": "2012-08-31T23:37:32.933",
             "timecard": 2}},
 {"pk": 8,
  "model": "timecard.stamp",
  "fields": {"stamp": "2012-08-31T23:37:39.211",
             "timecard": 1}},
 {"pk": 9,
  "model": "timecard.stamp",
  "fields": {"stamp": "2012-08-31T23:39:39.744",
             "timecard": 1}},
 {"pk": 10,
  "model": "timecard.stamp",
  "fields": {"stamp": "2012-08-31T23:39:41.003",
             "timecard": 1}},
 {"pk": 11,
  "model": "timecard.stamp",
  "fields": {"stamp": "2012-08-31T23:39:41.960",
             "timecard": 1}},
 {"pk": 12,
  "model": "timecard.stamp",
  "fields": {"stamp": "2012-08-31T23:39:42.597",
             "timecard": 1}},
 {"pk": 13,
  "model": "timecard.stamp",
  "fields": {"stamp": "2012-08-31T23:39:43.179",
             "timecard": 1}},
 {"pk": 14,
  "model": "timecard.stamp",
  "fields": {"stamp": "2012-08-31T23:39:45.019",
             "timecard": 1}},
 {"pk": 15,
  "model": "timecard.stamp",
  "fields": {"stamp": "2012-08-31T23:39:45.596",
             "timecard": 1}},
 {"pk": 16,
  "model": "timecard.stamp",
  "fields": {"stamp": "2012-08-31T23:39:46.856",
             "timecard": 1}},
 {"pk": 17,
  "model": "timecard.stamp",
  "fields": {"stamp": "2012-08-31T23:39:47.389",
             "timecard": 1}},
 {"pk": 18,
  "model": "timecard.stamp",
  "fields": {"stamp": "2012-08-31T23:39:47.632",
             "timecard": 1}},
 {"pk": 19,
  "model": "timecard.stamp",
  "fields": {"stamp": "2012-08-31T23:39:47.937",
             "timecard": 1}},
 {"pk": 20,
  "model": "timecard.stamp",
  "fields": {"stamp": "2012-08-31T23:39:48.244",
             "timecard": 1}},
 {"pk": 21,
  "model": "timecard.stamp",
  "fields": {"stamp": "2012-08-31T23:39:48.523",
             "timecard": 1}},
 {"pk": 22,
  "model": "timecard.stamp",
  "fields": {"stamp": "2012-08-31T23:39:48.835",
             "timecard": 1}},
 {"pk": 23,
  "model": "timecard.stamp",
  "fields": {"stamp": "2012-08-31T23:39:49.086",
             "timecard": 1}},
 {"pk": 24,
  "model": "timecard.stamp",
  "fields": {"stamp": "2012-08-31T23:39:49.357",
             "timecard": 1}},
 {"pk": 25,
  "model": "timecard.stamp",
  "fields": {"stamp": "2012-08-31T23:39:49.629",
             "timecard": 1}},
 {"pk": 26,
  "model": "timecard.stamp",
  "fields": {"stamp": "2012-08-31T23:39:49.884",
             "timecard": 1}},
 {"pk": 27,
  "model": "timecard.stamp",
  "fields": {"stamp": "2012-08-31T23:39:50.156",
             "timecard": 1}},
 {"pk": 28,
  "model": "timecard.stamp",
  "fields": {"stamp": "2012-08-31T23:39:50.425",
             "timecard": 1}},
 {"pk": 29,
  "model": "timecard.stamp",
  "fields": {"stamp": "2012-08-31T23:39:50.756",
             "timecard": 1}},
 {"pk": 30,
  "model": "timecard.stamp",
  "fields": {"stamp": "2012-08-31T23:39:50.959",
             "timecard": 1}},
 {"pk": 31,
  "model": "timecard.stamp",
  "fields": {"stamp": "2012-08-31T23:39:51.203",
             "timecard": 1}},
 {"pk": 32,
  "model": "timecard.stamp",
  "fields": {"stamp": "2012-08-31T23:39:51.498",
             "timecard": 1}},
 {"pk": 33,
  "model": "timecard.stamp",
  "fields": {"stamp": "2012-08-31T23:39:51.763",
             "timecard": 1}},
 {"pk": 34,
  "model": "timecard.stamp",
  "fields": {"stamp": "2012-08-31T23:39:52.032",
             "timecard": 1}},
 {"pk": 35,
  "model": "timecard.stamp",
  "fields": {"stamp": "2012-08-31T23:39:52.322",
             "timecard": 1}},
 {"pk": 36,
  "model": "timecard.stamp",
  "fields": {"stamp": "2012-08-31T23:39:52.638",
             "timecard": 1}},
 {"pk": 37,
  "model": "timecard.stamp",
  "fields": {"stamp": "2012-08-31T23:39:52.925",
             "timecard": 1}},
 {"pk": 38,
  "model": "timecard.stamp",
  "fields": {"stamp": "2012-08-31T23:39:53.179",
             "timecard": 1}},
 {"pk": 39,
  "model": "timecard.stamp",
  "fields": {"stamp": "2012-08-31T23:39:53.432",
             "timecard": 1}},
 {"pk": 40,
  "model": "timecard.stamp",
  "fields": {"stamp": "2012-08-31T23:39:53.670",
             "timecard": 1}},
 {"pk": 41,
  "model": "timecard.stamp",
  "fields": {"stamp": "2012-08-31T23:39:53.972",
             "timecard": 1}},
 {"pk": 42,
  "model": "timecard.stamp",
  "fields": {"stamp": "2012-08-31T23:39:54.232",
             "timecard": 1}},
 {"pk": 43,
  "model": "timecard.stamp",
  "fields": {"stamp": "2012-08-31T23:39:54.500",
             "timecard": 1}},
 {"pk": 44,
  "model": "timecard.stamp",
  "fields": {"stamp": "2012-08-31T23:39:54.819",
             "timecard": 1}},
 {"pk": 45,
  "model": "timecard.stamp",
  "fields": {"stamp": "2012-08-31T23:39:55.076",
             "timecard": 1}},
 {"pk": 46,
  "model": "timecard.stamp",
  "fields": {"stamp": "2012-08-31T23:39:55.333",
             "timecard": 1}},
 {"pk": 47,
  "model": "timecard.stamp",
  "fields": {"stamp": "2012-08-31T23:39:55.589",
             "timecard": 1}},
 {"pk": 48,
  "model": "timecard.stamp",
  "fields": {"stamp": "2012-08-31T23:39:55.861",
             "timecard": 1}},
 {"pk": 49,
  "model": "timecard.stamp",
  "fields": {"stamp": "2012-08-31T23:39:56.165",
             "timecard": 1}},
 {"pk": 50,
  "model": "timecard.stamp",
  "fields": {"stamp": "2012-08-31T23:39:56.401",
             "timecard": 1}},
 {"pk": 51,
  "model": "timecard.stamp",
  "fields": {"stamp": "2012-08-31T23:39:56.778",
             "timecard": 1}},
 {"pk": 52,
  "model": "timecard.stamp",
  "fields": {"stamp": "2012-08-31T23:39:56.991",
             "timecard": 1}},
 {"pk": 53,
  "model": "timecard.stamp",
  "fields": {"stamp": "2012-08-31T23:39:57.275",
             "timecard": 1}},
 {"pk": 55,
  "model": "timecard.stamp",
  "fields": {"stamp": "2012-08-31T23:44:47.092",
             "timecard": 1}},
 {"pk": 56,
  "model": "timecard.stamp",
  "fields": {"stamp": "2012-09-11T12:41:52.866",
             "timecard": 1}},
 {"pk": 57,
  "model": "timecard.stamp",
  "fields": {"stamp": "2012-09-11T12:44:23.458",
             "timecard": 1}},
 {"pk": 58,
  "model": "timecard.stamp",
  "fields": {"stamp": "2012-09-11T12:48:51.878",
             "timecard": 2}},
 {"pk": 59,
  "model": "timecard.stamp",
  "fields": {"stamp": "2012-09-11T12:48:54.664",
             "timecard": 2}},
 {"pk": 60,
  "model": "timecard.stamp",
  "fields": {"stamp": "2012-09-11T12:52:43.801",
             "timecard": 4}},
 {"pk": 61,
  "model": "timecard.stamp",
  "fields": {"stamp": "2012-09-11T13:05:35.261",
             "timecard": 1}},
 {"pk": 62,
  "model": "timecard.stamp",
  "fields": {"stamp": "2012-09-11T13:19:39.253",
             "timecard": 1}}]
